metric,row_count,mean,median,std,min,max,PASS_mean,FAIL_mean,PASS_minus_FAIL_mean_gap,PASS_median,FAIL_median,PASS_minus_FAIL_median_gap,simple_effect_size,interpretation_short
bertscore_full_f1,252,0.5035585879629093,0.6324729919433594,0.2874713547464283,-0.38166603446006775,0.7747526168823242,0.5192392856105525,0.4899686500016186,0.029270635608933948,0.6523487567901611,0.6141698360443115,0.03817892074584961,0.10211822612434013,weak PASS/FAIL separation
bertscore_no_final_f1,252,0.6466392624886736,0.8543463051319122,0.37337983008867615,-0.38166603446006775,0.9935784339904785,0.6902303125581934,0.6088603524284231,0.08136996012977038,0.8993799090385437,0.7836074233055115,0.11577248573303223,0.2192511713043705,"PASS rows score higher on average, still secondary/descriptive"
candidate_reference_length_ratio,252,1.2918562362863153,1.0055333608853378,0.8290506937536352,0.4767870302137067,9.164028776978418,1.270611158901435,1.310268636686545,-0.039657477785109974,1.0034762456546928,1.0092272202998847,-0.005750974645191809,-0.048544167557120994,"length/provenance diagnostic, not correctness metric"
