model_name,numeric_field_count,included_count,excluded_count,mean_rel_error,median_rel_error,p90_rel_error,p95_rel_error,max_rel_error,fields_with_rel_error_lte_1_percent,fields_with_rel_error_lte_1_25_percent,fields_with_rel_error_lte_2_percent,fields_with_rel_error_lte_3_percent,fields_with_rel_error_lte_5_percent,fields_with_rel_error_gt_10_percent,fields_with_rel_error_gt_100_percent
Gemma 3 12B IT,95,95,0,1081.37223476,0.00109023369356,175.661996206,700.084314871,41536.3180706,56,58,58,59,59,36,24
Gemma 3 27B IT,95,95,0,36.046745043,0.000834217860529,2.16228652151,9.65349362355,3307.50038658,58,58,58,59,61,31,14
Gemma 4 31B IT,95,95,0,0.429574913091,0.000151320804348,0.10237537304,3.09234938505,9.00749927892,84,84,84,84,84,11,9
Granite 4.1 8B,85,85,0,0.168702985779,0.000460491024148,0.851125907521,0.991891330739,1.99818981051,66,66,66,67,67,18,1
Llama 3.1 8B Instruct,91,90,1,429.251149967,0.114231399305,5.60558127185,596.981137873,19994.4339998,40,41,41,42,42,46,12
Ministral 3 8B,95,93,2,28334290.1071,0.0035554689444,1.20704258201,4.18783924593,2635088802.47,50,50,51,51,51,40,11
Mistral NeMo 12B,95,92,3,27.4964110523,0.413109088169,3.97197682785,48.4937020273,1068.3427031,29,29,33,33,33,56,14
Mistral Small 3.2 24B Instruct,95,95,0,4.18868203716,0.00108678588195,2.63370367743,8.9424599946,149.447072397,54,54,54,54,57,36,13
