subset,count,mean_rel_error,median_rel_error,min_rel_error,max_rel_error,stddev_rel_error,p0_rel_error,p1_rel_error,p5_rel_error,p10_rel_error,p25_rel_error,p50_rel_error,p75_rel_error,p90_rel_error,p95_rel_error,p99_rel_error,p100_rel_error
all_numeric_comparisons,740,3561130.74339,0.00108678588195,0,2635088802.47,96802310.2427,0,0,0,0,1.97999960401e-05,0.00108678588195,0.722934517168,2.53099598168,15.819639595,2653.54669884,2635088802.47
original_PASS_rows,342,0.000554920613327,8.09730661285e-05,0,0.00811481903088,0.00112527037144,0,0,0,0,1.17293254097e-07,8.09730661285e-05,0.000642586627812,0.00148272156855,0.00310470160983,0.00582679662323,0.00811481903088
original_FAIL_rows,398,6621197.86412,0.653979893651,0,2635088802.47,131919007.599,0,0,0,8.5102334746e-05,0.0134803203449,0.653979893651,1,11.5904751955,222.787356532,16458.3253012,2635088802.47
originally_failed_numeric_fields,303,8697150.98961,0.907348547365,0.0106282295972,2635088802.47,151131856.722,0.0106282295972,0.0130892983464,0.0445059790566,0.103328870514,0.35033130218,0.907348547365,2.2087058392,47.5470611318,516.781756313,19921.5245421,2635088802.47
originally_passed_numeric_fields,437,0.000590356374431,8.72789082423e-05,0,0.00811481903088,0.00115070159523,0,0,0,0,1.99999999095e-09,8.72789082423e-05,0.000643613972507,0.0017862901658,0.00283244102559,0.00583998064294,0.00811481903088
