batch,row_count,pass_count,fail_count,mean_bert_f1,median_bert_f1,min_bert_f1,max_bert_f1,PASS_mean_bert_f1,FAIL_mean_bert_f1,PASS_minus_FAIL_mean_gap,simple_effect_size
V2,64,37,27,0.6353695369325578,0.8373101055622101,-0.30632033944129944,0.9328727126121521,0.6631884084561387,0.5972473796595026,0.0659410287966361,0.18691572711799553
V3,61,24,37,0.6133312677934033,0.770108163356781,-0.16375485062599182,0.9406479597091675,0.685126999936377,0.5667610631601231,0.11836593677625395,0.3634754682256704
V4,63,19,44,0.5983958524607477,0.7769485712051392,-0.38166603446006775,0.9403209090232849,0.5959756339066907,0.5994409468363632,-0.0034653129296724483,-0.00896425137609739
V5,64,37,27,0.6441885429958347,0.8645719289779663,-0.2483523190021515,0.9409145712852478,0.6760920907395918,0.6004688664580937,0.07562322428149804,0.20814919916263103
