model_name,row_count,pass_count,fail_count,mean_bert_f1,median_bert_f1,min_bert_f1,max_bert_f1,PASS_mean_bert_f1,FAIL_mean_bert_f1,PASS_minus_FAIL_mean_gap,simple_effect_size
Gemma 3 12B IT,32,15,17,0.7285833999048918,0.8048721849918365,-0.07853368669748306,0.9012015461921692,0.81477792263031,0.652529409264817,0.16224851336549306,0.8952866669244055
Gemma 3 27B IT,32,16,16,0.7910379231907427,0.8675104081630707,0.24734722077846527,0.930983304977417,0.828019805252552,0.7540560411289334,0.0739637641236186,0.47410876675270525
Gemma 4 31B IT,32,27,5,0.7236177180311643,0.8694946467876434,-0.06891496479511261,0.9354469180107117,0.763972008117923,0.5057045515626669,0.25826745655525607,0.8880107737541639
Granite 4.1 8B,29,19,10,-0.09279239415351687,-0.0947883203625679,-0.38166603446006775,0.2781447172164917,-0.027473955660274153,-0.216897427290678,0.18942347163040385,1.783714993854568
Llama 3.1 8B Instruct,31,10,21,0.7000064537409814,0.8117145299911499,-0.058501631021499634,0.8927779197692871,0.7798953741788864,0.6619641106753122,0.11793126350357419,0.5196739362213234
Ministral 3 8B,32,12,20,0.45182664378080517,0.41791826486587524,-0.22702664136886597,0.9322910904884338,0.677384485801061,0.31649193856865165,0.3608925472324094,1.376156876197537
Mistral NeMo 12B,32,4,28,0.761716824490577,0.8471161723136902,0.18173079192638397,0.9345576763153076,0.8028498888015747,0.7558406724461487,0.04700921635542599,0.2669966422569103
Mistral Small 3.2 24B Instruct,32,14,18,0.8555500693619251,0.8957925140857697,0.48536425828933716,0.9409145712852478,0.9004122572285789,0.82065725657675,0.07975500065182883,0.8412724585988234
