deterministic_grade,row_count,pass_count,fail_count,mean_bert_f1,median_bert_f1,min_bert_f1,max_bert_f1,PASS_mean_bert_f1,FAIL_mean_bert_f1,PASS_minus_FAIL_mean_gap,simple_effect_size
FAIL,135,0,135,0.5902511084659232,0.7629456520080566,-0.38166603446006775,0.9328727126121521,,0.5902511084659232,,
PASS,117,117,0,0.660854388999506,0.861585259437561,-0.19409604370594025,0.9409145712852478,0.660854388999506,,,
