model_name,row_count,pass_count,fail_count,mean_rouge_l_f1,median_rouge_l_f1,min_rouge_l_f1,max_rouge_l_f1,PASS_mean_rouge_l_f1,FAIL_mean_rouge_l_f1,PASS_minus_FAIL_mean_gap,simple_effect_size
Gemma 3 12B IT,32,15,17,0.8472974319470445,0.8920238677947929,0.4822695035460992,0.9510869565217392,0.891339948969379,0.808436387515573,0.08290356145380595,0.8550416489107601
Gemma 3 27B IT,32,16,16,0.8804689891189353,0.9252712055762812,0.5866261398176291,0.9651376146788991,0.9022070899725375,0.8587308882653333,0.04347620170720423,0.4450348964731903
Gemma 4 31B IT,32,27,5,0.8514784797588089,0.9388595700862402,0.4243119266055046,0.9798165137614679,0.8766124465546798,0.7157550590611049,0.16085738749357492,1.020370653258314
Granite 4.1 8B,29,19,10,0.3501586202424822,0.35419847328244275,0.12168344007319305,0.605607476635514,0.3957640021112979,0.26350839469173226,0.13225560741956566,1.7332525735684834
Llama 3.1 8B Instruct,31,10,21,0.7996692075135452,0.8727272727272727,0.2181818181818182,0.9585062240663901,0.8627981208549873,0.7696078202080966,0.09319030064689071,0.5519577727206376
Ministral 3 8B,32,12,20,0.7215186625116131,0.7322875185667812,0.3678696158323632,0.9653679653679653,0.8469896615611906,0.6462360630818667,0.20075359847932395,1.3377058837505313
Mistral NeMo 12B,32,4,28,0.8651848060877637,0.9244763654383059,0.48221343873517786,0.971563981042654,0.8814434732881625,0.8628621393448496,0.01858133394331296,0.14511641949024584
Mistral Small 3.2 24B Instruct,32,14,18,0.9129605331221043,0.9424812030075187,0.6413223140495867,0.9798165137614679,0.9393593430879511,0.8924281253708902,0.04693121771706088,0.635147587794019
