batch,row_count,pass_count,fail_count,mean_rouge_l_f1,median_rouge_l_f1,min_rouge_l_f1,max_rouge_l_f1,PASS_mean_rouge_l_f1,FAIL_mean_rouge_l_f1,PASS_minus_FAIL_mean_gap,simple_effect_size
V2,64,37,27,0.8002733723522961,0.9144773698953266,0.2487122884473878,0.9615384615384615,0.8141913863446938,0.7812005383627142,0.0329908479819796,0.15592980494970085
V3,61,24,37,0.7667589700754118,0.84472049689441,0.2181818181818182,0.9723502304147464,0.8243196650817365,0.7294223030442823,0.09489736203745414,0.47075837534821574
V4,63,19,44,0.777276867021988,0.8814814814814814,0.12168344007319305,0.9798165137614679,0.7814770310992062,0.7754631598068256,0.006013871292380624,0.028158809374640936
V5,64,37,27,0.7892374167796907,0.9124621690993373,0.24506749740394598,0.9688888888888889,0.8028462099259503,0.7705883298755573,0.032257880050393095,0.14621870453631355
