model_name,row_count,pass_count,fail_count,mean_chrf_score,median_chrf_score,min_chrf_score,max_chrf_score,PASS_mean_chrf_score,FAIL_mean_chrf_score,PASS_minus_FAIL_mean_gap,simple_effect_size
Gemma 3 12B IT,32,15,17,0.8535015877740767,0.8979149859369155,0.5197757780426708,0.9738910084814713,0.8965926347004757,0.8154800757801952,0.08111255892028046,0.6837651404420325
Gemma 3 27B IT,32,16,16,0.878089414575221,0.9279871127708204,0.5303499927505334,0.9791323804384696,0.9087173159088231,0.847461513241619,0.061255802667204096,0.4935927487497578
Gemma 4 31B IT,32,27,5,0.8621240280694407,0.9475513603887655,0.4894205249529027,0.9899463988086995,0.8937456113803046,0.6913674781907753,0.20237813318952935,1.2829632143020686
Granite 4.1 8B,29,19,10,0.4777601876232896,0.45697060622309005,0.2464398811208246,0.778637707637972,0.5247459062953426,0.38848732214638887,0.1362585841489537,1.8636116956395241
Llama 3.1 8B Instruct,31,10,21,0.8105355166555402,0.8719454828743453,0.3811387081132647,0.953615305507351,0.867738989825396,0.7832957675270376,0.08444322229835843,0.5659866352880103
Ministral 3 8B,32,12,20,0.7468029418867592,0.7597244200218588,0.3777918998440968,0.9777822794523078,0.862432478631992,0.6774252198396196,0.18500725879237245,1.2125451459058398
Mistral NeMo 12B,32,4,28,0.8515037471595733,0.9150632777361614,0.41535444506996144,0.9914191870065052,0.904212732303352,0.8439738921390335,0.06023884016431846,0.487195786683401
Mistral Small 3.2 24B Instruct,32,14,18,0.901024415391846,0.9360063573378274,0.5367014543787534,0.9899463988086995,0.9374673854825111,0.8726798830991065,0.06478750238340458,0.5705588057689239
