batch,row_count,pass_count,fail_count,mean_chrf_score,median_chrf_score,min_chrf_score,max_chrf_score,PASS_mean_chrf_score,FAIL_mean_chrf_score,PASS_minus_FAIL_mean_gap,simple_effect_size
V2,64,37,27,0.8276334064450571,0.9186217102653789,0.40644689979788484,0.9796814548010306,0.8408320527291316,0.8095463726483625,0.03128568008076915,0.18156423621239218
V3,61,24,37,0.7555794609193435,0.8546338512295429,0.35811346098804325,0.9914191870065052,0.8580401559895358,0.6891184695224619,0.16892168646707384,0.9295838929838649
V4,63,19,44,0.8189608448843351,0.8878534501509577,0.2464398811208246,0.9899463988086995,0.8448627626739856,0.8077759258388041,0.03708683683518155,0.2263938760680965
V5,64,37,27,0.8016516315084652,0.9251602388726886,0.389301177577087,0.9836550850644384,0.8135541103838381,0.7853408271236949,0.028213283260143163,0.1421154811589528
