metric,row_count,pass_count,fail_count,mean,median,min,max,PASS_mean,FAIL_mean,PASS_minus_FAIL_mean_gap,simple_effect_size,correlation_with_deterministic_pass
informativeness_chain,252,117,135,0.9764136534834665,0.9915740191936493,0.8604453206062317,0.9998824596405029,0.9801288542584476,0.9731938128118162,0.006935041446631485,0.23178588617945936,0.11482257187324728
informativeness_step,252,117,135,0.935170233013138,0.9465751051902771,0.7790209054946899,0.99314284324646,0.9481843715040092,0.9238913129877161,0.024293058516293153,0.5949971576028865,0.28497182413973776
reasoning_alignment,252,117,135,0.9282643941659776,0.9423874914646149,0.7834432125091553,0.9890472888946533,0.9399398223966615,0.9181456896993849,0.02179413269727659,0.4828720162055945,0.2342782249696532
repetition_step,252,117,135,0.023952122482042464,0.03336825966835022,0.0,0.05812743306159973,0.0259837133762164,0.022191410373758387,0.0037923030024580133,0.27860208185480556,0.13735332798563513
semantic_coverage_chain,252,117,135,0.9764136534834665,0.9915740191936493,0.8604453206062317,0.9998824596405029,0.9801288542584476,0.9731938128118162,0.006935041446631485,0.23178588617945936,0.11482257187324728
semantic_coverage_step,252,117,135,0.9282643941659776,0.9423874914646149,0.7834432125091553,0.9890472888946533,0.9399398223966615,0.9181456896993849,0.02179413269727659,0.4828720162055945,0.2342782249696532
roscoe_available_mean,252,117,135,0.9489052656624052,0.9631311535835265,0.8411206007003784,0.9934968948364258,0.9576643449628455,0.9413140636020236,0.01635028136082184,0.44558564443371634,0.21718100308799582
selected_roscoe_score,252,117,135,0.9282643941659776,0.9423874914646149,0.7834432125091553,0.9890472888946533,0.9399398223966615,0.9181456896993849,0.02179413269727659,0.4828720162055945,0.2342782249696532
