model_name,total_rows,match_count,mismatch_count,not_found_count,review_count,match_rate_all_rows,match_rate_found_rows
NVIDIA Nemotron 3 Nano 30B-A3B,96,80,1,15,0,0.8333333333333334,0.9876543209876543
Gemma 4 31B IT,99,94,4,0,1,0.9494949494949495,0.9494949494949495
Granite 4.1 8B,288,208,78,0,2,0.7222222222222222,0.7222222222222222
Mistral Small 3.2 24B Instruct,99,63,36,0,0,0.6363636363636364,0.6363636363636364
Ministral 3 8B,286,174,85,8,19,0.6083916083916084,0.6258992805755396
Gemma 3 27B IT,99,58,41,0,0,0.5858585858585859,0.5858585858585859
Gemma 3 12B IT,288,146,142,0,0,0.5069444444444444,0.5069444444444444
Llama 3.1 8B Instruct,289,111,148,18,12,0.38408304498269896,0.4095940959409594
Mistral NeMo 12B,295,78,207,0,10,0.26440677966101694,0.26440677966101694
