group_label,n_runs,mean_precision,mean_recall,mean_f1,median_f1,min_f1,max_f1,mean_match_count,mean_mismatch_count,mean_not_found_count,mean_review_count
MATCH-heavy,10,-0.23000509664416313,0.021875269594602287,-0.10560973268002272,-0.08903954736888409,-0.2198917120695114,-0.009021522477269173,4,0,0,0
MISMATCH-heavy,10,-0.25488451197743417,-0.10195644907653331,-0.17829286642372608,-0.1962699368596077,-0.2740681767463684,-0.050977516919374466,0,3.6,0,0
NOT_FOUND/REVIEW-heavy,10,-0.27732139751315116,-0.20339724123477937,-0.23944042026996612,-0.2432219386100769,-0.3042677640914917,-0.1356569230556488,0,0,3.1,0
