metric,row_count,pass_count,fail_count,mean,median,min,max,PASS_mean,FAIL_mean,PASS_minus_FAIL_mean_gap,simple_effect_size,correlation_with_deterministic_pass
informativeness_chain,30,14,16,0.9615076561768849,0.969460129737854,0.8917893171310425,0.9991947412490845,0.9400950925690787,0.9802436493337154,-0.04014855676463669,-1.2631056945513064,-0.5456408180263326
informativeness_step,30,14,16,0.914292695124944,0.9206547737121582,0.7790209650993347,0.9804115891456604,0.892269458089556,0.9335630275309086,-0.04129356944135254,-0.8646756318419323,-0.4044924249318114
reasoning_alignment,30,14,16,0.9035491486390431,0.9108454287052155,0.7910165786743164,0.9778833985328674,0.8745896092482975,0.9288887456059456,-0.05429913635764805,-1.066610209952666,-0.48086230312297756
repetition_step,30,14,16,0.022651251157124838,0.02853533625602722,0.0,0.04156869649887085,0.017415261694363186,0.027232741937041283,-0.009817480242678096,-0.7382008263408754,-0.3605047908003553
semantic_coverage_chain,30,14,16,0.9615076561768849,0.969460129737854,0.8917893171310425,0.9991947412490845,0.9400950925690787,0.9802436493337154,-0.04014855676463669,-1.2631056945513064,-0.5456408180263326
semantic_coverage_step,30,14,16,0.9035491486390431,0.9108454287052155,0.7910165786743164,0.9778833985328674,0.8745896092482975,0.9288887456059456,-0.05429913635764805,-1.066610209952666,-0.48086230312297756
roscoe_available_mean,30,14,16,0.92888126095136,0.9374401211738587,0.8411206126213073,0.9865517497062684,0.9043277723448617,0.9503655634820461,-0.046037791137184425,-1.1227056574374499,-0.4998365206489376
selected_roscoe_score,30,14,16,0.9035491486390431,0.9108454287052155,0.7910165786743164,0.9778833985328674,0.8745896092482975,0.9288887456059456,-0.05429913635764805,-1.066610209952666,-0.48086230312297756
