preliminary_failure_pattern,field_count,row_count,share_of_gt100_fields,median_rel_error,max_rel_error,example_source_run_ids,example_scenarios,example_models
COMMON_FACTOR_2_OR_PI,9,8,0.0918367346939,2.16235431919,5.51046483239,13d804f3-30ad-428a-ad9d-7f48deb28505;637b75a5-6869-433d-b669-e89b15b2555e;96198746-3f2d-4926-bcef-e8433bbb98d7;ac523904-da02-4286-b34b-441d9278b9b8;b29759a2-66b7-4fc4-ba87-3dfd71ad6ba3,CM_KAPITZA_001;COS_DESITTER_001;GR_GPS_001;QFT_G2_001;QFT_UNRUH_001,Gemma 3 12B IT;Gemma 3 27B IT;Llama 3.1 8B Instruct;Mistral NeMo 12B;Mistral Small 3.2 24B Instruct
DECIMAL_OR_POWER_OF_TEN_SCALE,16,12,0.163265306122,9.00282051279,98.9771699988,30e59015-74c8-4d8c-abe8-a916e9150032;35cbf917-fdbe-4d9a-ad8e-72e1515207f8;4dde1392-4ac8-428c-b9da-6bcc205ea668;4f06ea18-7b13-4c03-a4a7-37036abe296d;6a0624c3-57f8-4327-8206-731c8c16e32e,CM_KAPITZA_001;COS_CMB_001;COS_DL_001;GR_GPS_001;GR_ISCO_001,Gemma 3 12B IT;Gemma 4 31B IT;Llama 3.1 8B Instruct;Ministral 3 8B;Mistral NeMo 12B
LARGE_NUMERIC_GT100PCT_UNCLASSIFIED,24,17,0.244897959184,3.09248707032,8.16505227308,0fdbc6f7-aa2f-4d13-85e3-1de67d52d0f1;1f6f2a74-79ab-47f8-8a96-512a80ae17d9;30e59015-74c8-4d8c-abe8-a916e9150032;332b6344-a602-4bd9-be3f-788d8b061d0b;5f80e95a-cfa7-40e3-8d99-042b87848d45,CM_APSIDAL_001;CM_KAPITZA_001;COS_AGE_001;COS_DESITTER_001;GR_CHIRP_001,Gemma 3 12B IT;Gemma 3 27B IT;Gemma 4 31B IT;Llama 3.1 8B Instruct;Ministral 3 8B
ORDER_OF_MAGNITUDE_GT10X,39,25,0.397959183673,222.787356532,2635088802.47,0891d888-672d-4f87-bc31-5a40a8dfdd32;09da2552-f5c9-4b6d-a531-830e1a95ff6b;0a1bfb8e-7794-43ce-a724-e54da756c20b;0ada0fb0-29cc-4f10-b31a-705df74e52ae;0ed2217a-06ad-4917-b517-25fdcad0cab9,CM_APSIDAL_001;CM_TOP_001;COS_DL_001;GR_GPS_001;GR_ISCO_001,Gemma 3 12B IT;Gemma 3 27B IT;Llama 3.1 8B Instruct;Ministral 3 8B;Mistral NeMo 12B
SIGN_FLIP,6,6,0.0612244897959,1.99888299788,1.99957618524,0ada0fb0-29cc-4f10-b31a-705df74e52ae;69fbc5d3-4c42-43a5-bee4-fd591d229ef9;83128479-f3b5-4076-b4d8-697f3b7632f1;9991d196-4513-449c-9fa5-bc9e85fe608f;a31b717b-3b3d-4f54-9f3b-2236e1370d22,GR_GPS_001,Gemma 3 12B IT;Gemma 3 27B IT;Gemma 4 31B IT;Granite 4.1 8B;Mistral NeMo 12B
WRONG_FIELD_SCALE,4,4,0.0408163265306,16.7055305428,414.201514742,3048c6ec-b6eb-429b-9e91-09317a088462;7291fcc8-4808-4d96-8b8c-a5286af017df;c77d4a05-8f45-4584-89a7-4f848310ffcd;d504b04e-bf1e-416b-a8f1-151658823740,GR_PERI_001;QFT_CASIMIR_001;QM_RT_001;STAT_BEC_001,Gemma 4 31B IT;Llama 3.1 8B Instruct;Ministral 3 8B
