deterministic_group,n_runs,mean_precision,mean_recall,mean_f1,min_f1,max_f1
MATCH_HEAVY,251,-0.24697888876678814,-0.04043105122330877,-0.14480611149975808,-0.3897498846054077,0.07861491292715073
MISMATCH_HEAVY,265,-0.2449964435648103,-0.09891110260285578,-0.17188929566511674,-0.371167927980423,0.08206989616155624
MIXED,68,-0.2802038874258013,-0.08686563659883927,-0.18422400387113586,-0.4067196846008301,-0.030140608549118042
NOT_FOUND_REVIEW_HEAVY,33,-0.2743639185121565,-0.11830149610724414,-0.19626513752860553,-0.36474743485450745,-0.015494274906814098
