model_name,n_runs,mean_precision,mean_recall,mean_f1,min_f1,max_f1
Gemma 3 12B IT,97,-0.20605648485175573,-0.06046890959470082,-0.1329373066270359,-0.30656859278678894,0.08206989616155624
Gemma 3 27B IT,33,-0.21499751344548934,-0.06422857264988124,-0.1393035382145282,-0.3012337386608124,0.04674592986702919
Gemma 4 31B IT,33,-0.2354087350946484,-0.057388691369190135,-0.14661453596570276,-0.31866616010665894,-0.015974927693605423
Granite 4.1 8B,97,-0.3597843526795353,-0.0799039374201645,-0.22301800998369442,-0.4067196846008301,-0.05321691557765007
Llama 3.1 8B Instruct,97,-0.20390303615365446,-0.08381628599881973,-0.14316817995199224,-0.32259297370910645,0.05900171026587486
Ministral 3 8B,96,-0.2691809829169263,-0.10288429418869782,-0.18610092722034702,-0.371167927980423,-0.03441351279616356
Mistral NeMo 12B,99,-0.21910842372612518,-0.04239552285559852,-0.131143538650558,-0.28868305683135986,0.062300242483615875
Mistral Small 3.2 24B Instruct,33,-0.2693709118404623,-0.09685058900239793,-0.18347734743447014,-0.3578222990036011,0.029740475118160248
NVIDIA Nemotron 3 Nano 30B-A3B,32,-0.28352256037760526,-0.09814420781913213,-0.1920953662483953,-0.32490336894989014,-0.030393825843930244
