model_name,rows_scored,mean_precision,mean_recall,mean_f1,median_f1,min_f1,max_f1,pass_count,fail_count,pass_mean_f1,fail_mean_f1,PASS_minus_FAIL_mean_F1_gap
Gemma 3 12B IT,32,0.7444725707173347,0.7680344053078443,0.7554305612575263,0.835886687040329,-0.07853368669748306,0.958380937576294,15,17,0.8515233238538106,0.6706428295549225,0.18088049429888808
Gemma 3 27B IT,32,0.8269420214928687,0.8180289696902037,0.8217575354501605,0.9132192730903625,0.25510796904563904,0.9691636562347412,16,16,0.8652908690273762,0.7782242018729448,0.08706666715443134
Gemma 4 31B IT,32,0.7321068201272283,0.7764927594689652,0.7531506665400229,0.9146393537521362,-0.06891496479511261,0.9891250729560852,27,5,0.7991840061214235,0.5045706328004599,0.2946133733209636
Granite 4.1 8B,29,-0.2619203711390206,0.08919484101653356,-0.0923797663558146,-0.0947883203625679,-0.38166603446006775,0.28512319922447205,19,10,-0.026844119260969915,-0.21689749583601953,0.19005337657504962
Llama 3.1 8B Instruct,31,0.7204134301132252,0.716539733592541,0.7179021532497099,0.8527378439903259,-0.058501631021499634,0.9325870275497437,10,21,0.8072111457586288,0.675374061578796,0.13183708417983286
Ministral 3 8B,32,0.39203522445313865,0.5487198670161888,0.4687093348475173,0.42746618390083313,-0.22702664136886597,0.9759440422058105,12,20,0.707312231262525,0.32554759699851277,0.3817646342640122
Mistral NeMo 12B,32,0.8031946653500199,0.7856629004236311,0.7940354067832232,0.8891268968582153,0.15278103947639465,0.9935784339904785,4,28,0.8431160897016525,0.787023880652019,0.056092209049633523
Mistral Small 3.2 24B Instruct,32,0.9041938651353121,0.8719867682084441,0.887452139519155,0.9367682933807373,0.4503419101238251,0.9844576716423035,14,18,0.938513594014304,0.847737674911817,0.09077591910248706
