deterministic_grade,rows_scored,mean_precision,mean_recall,mean_f1,median_f1,min_f1,max_f1,pass_count,fail_count,pass_mean_f1,fail_mean_f1,PASS_minus_FAIL_mean_F1_gap
FAIL,135,0.5895767584253379,0.630708855735483,0.6088603524284231,0.7836074233055115,-0.38166603446006775,0.9728729128837585,0,135,,0.6088603524284231,
PASS,117,0.6499017823580056,0.7338402397457001,0.6902303125581934,0.8993799090385437,-0.19409604370594025,0.9935784339904785,117,0,0.6902303125581934,,
