batch,rows_scored,mean_precision,mean_recall,mean_f1,median_f1,min_f1,max_f1,pass_count,fail_count,pass_mean_f1,fail_mean_f1,PASS_minus_FAIL_mean_F1_gap
V2,64,0.610501846706029,0.7247896285844035,0.6660589334787801,0.8839313983917236,-0.3063206672668457,0.9805923104286194,37,27,0.6958631505635945,0.6252161174736641,0.07064703308993037
V3,61,0.6403833328914202,0.6197686996616301,0.628353350444651,0.7866290807723999,-0.16375485062599182,0.9935784339904785,24,37,0.718372990610078,0.5699622324995093,0.1484107581105687
V4,63,0.5661573524047281,0.684823436632989,0.6239761112937852,0.7987223863601685,-0.38166603446006775,0.9772330522537231,19,44,0.622515119612217,0.6246069940653715,-0.0020918744531545075
V5,64,0.6535618160351078,0.6823234399671492,0.6669573908729944,0.9033660292625427,-0.24835267663002014,0.9891250729560852,37,27,0.7011154311130176,0.6201482246181479,0.08096720649486966
